,Heading Title,Frequency,Person/Job/Org/None,
1,responsibilities,327,Job,
2,qualifications,310,Person,
3,job description,189,Job,
4,location,181,Org,
5,preferred qualifications,138,Person,
6,requirements,136,Job,
7,job id,111,None,
8,job title,107,None,
9,what youll do,106,Job,
10,who we are,86,Org,
11,basic qualifications,84,Person,
12,minimum qualifications,84,Person,
13,about the role,80,Job,
14,company description,72,Org,
15,about us,66,Org,
16,who you are,65,Person,
17,what you’ll do,59,Job,
18,education,58,Person,
19,description,57,Job,
20,position summary,56,Job,
21,overview,55,Job,?
22,required qualifications,50,Person,
23,benefits,47,Job,
24,experience,42,Person,
25,job summary,37,Job,
26,required skills,36,Person,
27,about you,36,Person,
28,key responsibilities,36,Job,
29,about the job,30,Job,
30,skills,29,Person,
31,summary,29,Job,?
32,what you will do,28,Job,
33,preferred skills,27,Person,
34,position overview,27,Job,
35,what we offer,27,Org,
36,job responsibilities,24,Job,
37,required experience,23,Person,
38,the opportunity,22,Job,
39,job requirements,21,Job,
40,responsibilities include,21,Job,
41,what youll be doing,18,Job,
42,job level  individual contributor,18,Job,
43,essential duties and responsibilities,17,Job,
44,job demands,17,Job,
45,job type,17,Job,
46,equal employment opportunity statement,17,None,
47,about the team,17,Org,
48,perks,17,Job,
49,equal employment opportunity,16,None,
50,what were looking for,16,Person,
51,preferred,15,,?
52,competitive salary,15,Job,
53,what we’re looking for,15,Person,
54,equal opportunity employerdisabilityveterans,14,None,
55,learn about life at spotify,14,Org,
56,role description,14,Job,
57,your impact,13,Job,
58,compensation,12,Job,
59,additional requirements,12,Person,
60,desired qualifications,12,Person,
61,job type  standard,12,Job,
62,career level,12,Job,
63,technical skills,12,Person,
64,educationexperience,12,Person,
65,job category,12,Job,
66,essential job functions,12,Job,
67,wellness perks,12,Job,
68,salary and benefits,11,Job,
69,company overview,11,Org,
70,bachelor’s degree required,11,Person,
71,what youll bring,11,Person,
72,what you will be doing,11,Job,
73,job description summary,10,Job,
74,job schedule  fulltime,10,Job,
75,why roblox,10,Org,
76,why join us,10,Org,
77,job category  information technology,10,Job,
78,duties and responsibilities,10,Job,
79,benefits  perks,10,Job,
80,perks  benefits,10,Job,
81,preferred requirements,10,Person,
82,work location,10,Org,
83,position requirements,9,Person,
84,work environment,9,Job,
85,position description,9,Job,
86,what you’ll need,9,Person,
87,what youll need,9,Person,
88,skills and experience,9,Person,
89,your qualifications,9,Person,
90,education and experience,9,Person,
91,primary responsibilities,9,Job,
92,qualificationsrequirements,9,Person,
93,why data science  analytics,8,None,
94,department description,8,Org,
95,roles  responsibilities,8,Job,
96,desired,8,?,
97,job family,8,Job,
98,about pinterest,8,Org,
99,notices,7,?,
100,about nyc health + hospitals,7,Org,
101,the work,7,Job,
102,key responsibilities include,7,Job,
103,experienced,7,?,
104,desired characteristics,7,Person,
105,supervisory responsibilities,7,Job,
106,strong analytical and problemsolving skills,7,Person,
107,what you’ll bring,7,Person,
108,strong communication and interpersonal skills,7,Person,
109,minimum requirements,7,Person,
110,job function,7,Job,
111,work experience,6,Person,
112,what we offer you,6,Job,
113,whats important to us,6,Job,
114,why you should join,6,Job,
115,primarylocation  californiaoakland2000 broadway,6,Org,
116,equal opportunity employer,6,None,
117,previous experience in data reporting,6,Person,
118,essential responsibilities,6,Job,
119,previous experience as an analyst,6,Person,
120,physical requirements,6,Job,
121,about ucsf,6,Org,
122,job code and payroll title,6,None,
123,what you bring,6,Person,
124,roles and responsibilities,6,Job,
125,job details,6,Job,
126,minimum qual requirements,6,Person,
127,here’s what you need,6,Person,
128,pay transparency nondiscrimination provision,6,None,
129,relocation assistance,5,None,
130,main responsibilities,5,Job,
131,field master’s degree preferred,5,Person,
132,why cruise,5,Org,
133,location san francisco ca,5,Org,
134,fertility benefits,5,None,
135,who are we,5,Org,
136,basic requirements,5,Job,
137,travel requirements,5,Job,
138,what will you do,5,Job,
139,whats next,5,?,
140,what we look for,5,Person,
141,role and responsibilities,5,Job,
142,excellent analytical and problemsolving skills,5,Person,
143,job location  san francisco,5,Org,
144,requirementsqualifications,5,Person,
145,job overview,5,Job,
146,job posting notice,5,Job,
147,what we are looking for,5,Person,
148,education  experience,5,Person,
149,what we do,5,Org,
150,divisionwork unit,5,Org,
151,direct experience in marketing analytics,5,Person,
152,required,5,?,
153,department overview,5,Org,
154,core responsibilities,5,Job,
155,what you must have,5,Person,
156,what you should have,5,Person,
157,competitive salary and benefits,5,None,
158,compensation  benefits,5,None,
159,combination of education and experience,5,Person,
160,career,5,?,
161,business overview,5,Org,
162,skills required,5,Person,
163,desired skills,5,Person,
164,experience with python,5,Person,
165,about goldman sachs,5,Org,
166,you’ll need to have,5,Person,
167,your responsibilities,5,Job,
168,about freenome,5,Org,
169,about wavemaker,5,Org,
170,organization overview,5,Org,
171,primary location,5,Org,
172,preferred experience,5,Person,
173,preferred skills or knowledge,5,Person,
174,proposed salary range,5,None,
175,primary duties  responsibilities,5,Job,
176,about capgemini,5,Org,
177,project description,4,Job,
178,the requirements,4,Person,
179,about verkada,4,Org,
180,your key responsibilities,4,Person,
181,experience and skills required,4,Job,
182,right to work,4,None,
183,about delta dental,4,Org,
184,mission bay sf,4,None,
185,work you’ll do,4,Job,
186,who are we looking for,4,Person,
187,experience creating executive level presentations,4,Person,
188,httpsyoutubec5tgbpe9ubi or visit httpsclimatecomcareers,4,None,
189,more about atlassian,4,Org,
190,location new york,4,Org,
191,qualifications required,4,Person,
192,job type regular,4,Job,
193,what youve done,4,Person,
194,about moloco,4,Org,
195,preferred education,4,Person,
196,what youll need to succeed,4,Person,
197,position responsibilities,4,Job,
198,personal characteristics,4,Person,
199,benefits start within 30 days,4,None,
200,workinghoursend  530 pm,4,None,
201,why you’ll love working here,4,Org,
202,excellent communication skills,4,Person,
203,whats in it for you,4,Job,
204,collaborative working style,4,Person,
205,competitive salary packages and bonuses,4,None,
206,what it takes,4,Person,
207,who we are looking for,4,Person,
208,what you need to succeed,4,Person,
209,role overview,4,Job,
210,benefits and perks,4,None,
211,about vizio,4,Org,
212,knowledge of jcl strongly preferred,4,Person,
213,more about our benefits,4,None,
214,additional qualifications,4,Person,
215,experience with data reportingquerying tools,4,Person,
216,experienced nonmanager,4,Person,
217,past experience in adtech,4,Person,
218,why join the freedom family,4,Org,
219,strong analytical skills,4,Person,
220,experience with google analytics preferred,4,Person,
221,strong communication and presentation skills,4,Person,
222,advanced excel skills,4,Person,
223,summary of position,4,Job,
224,experience with survey design,4,Person,
225,principal responsibilities,4,Job,
226,qualifications ,4,Person,
227,experience with nosql databases,4,Person,
228,experience with sql,4,Person,
229,job location,4,Org,
230,qualification requirements,4,Job,
231,technical qualifications,4,Person,
232,desired experience,4,Person,
233,performs other duties as required,4,Job,
234,detailed description and job requirements,4,Job,
235,about,4,Org,
236,more about us,4,Org,
237,job type fulltime,4,None,
238,good quantitative analytical skills,4,Person,
239,why work for us,4,Org,
240,skills and qualifications,4,Person,
241,about our team,4,Org,
242,qualifications desired,4,Person,
243,experience mentoring others strongly preferred,4,Person,
244,associate retirement benefits examiner,4,None,
245,firm overview,4,Org,
246,experience requirements,4,Person,
247,why vox,4,Org,
248,desired skills and experience,4,Person,
249,perform other duties as needed,3,Job,
250,education experience and skill qualifications,3,Person,
251,what helix can offer you,3,Org,
252,about business unit,3,Org,
253,educationtraining,3,?,
254,education requirements,3,Person,
255,education level masters phd,3,Person,
256,education reimbursement,3,None,
257,medical dental vision insurance,3,None,
258,what shapes our company,3,Org,
259,what we can offer you,3,Org,
260,description  requirements,3,Job,
261,required technical and professional expertise,3,Person,
262,about ibm,3,Org,
263,desired education and work experience,3,Person,
264,about groupm,3,Org,
265,desired skills  experience,3,Person,
266,about gap inc,3,Org,
267,what we need,3,Person,
268,our mission,3,Org,
269,dutiesresponsibilities,3,Job,
270,requirements and general skills,3,Person,
271,workinghoursend  500 pm,3,None,
272,enjoy incredible perks,3,None,
273,overview and responsibilities,3,Job,
274,education  experience required,3,Person,
275,about databricks,3,Org,
276,job ref 911,3,None,
277,education and experience requirements,3,Person,
278,workinghoursend  variable,3,None,
279,primary location usnynew york,3,Org,
280,workinghoursstart  800 am,3,None,
281,job descriptionresponsibilities,3,Job,
282,entertainment networks,3,None,
283,skillsabilities,3,Person,
284,25 years experience,3,Person,
285,salary  benefits,3,None,
286,preferred knowledge of spark,3,Person,
287,the impact you will make,3,None,
288,httpsucnetuniversityofcaliforniaeducompensationandbenefitsindexhtml,3,None,
289,experience in ecommerce fraud operations,3,Person,
290,technical,3,?,
291,teams who are hiring,3,Org,
292,team description,3,Org,
293,your role and responsibilities,3,Job,
294,experience leading fast growing teams,3,Person,
295,transit benefits,3,None,
296,specific skills,3,Person,
297,fertility counseling and benefits,3,None,
298,extensive computer software skills,3,Person,
299,strong time management skills,3,Person,
300,experience with data mining,3,Person,
301,experience with distributed computing hivehadoop,3,Person,
302,preferred technical and professional expertise,3,Person,
303,pretax commuter benefits,3,None,
304,experience with sql excel,3,Person,
305,experience with optimization techniques,3,Person,
306,youll make an impact by,3,None,
307,excellent time management skills,3,Person,
308,entertainment networks research,3,None,
309,essential requirements,3,Person,
310,primary location new yorknew york,3,Org,
311,what are we looking for,3,Person,
312,workinghoursstart  900 am,3,None,
313,responsibilities  duties,3,Job,
314,workinghoursstart  variable,3,None,
315,workplace and offsite social gatherings,3,None,
316,responsibilities and qualifications,3,Person,
317,workplace flexibility,3,None,
318,job function technology,3,None,
319,essential job duties and responsibilities,3,Job,
320,yoga  work,3,None,
321,youll love,3,None,
322,very strong analytical skills,3,Person,
323,job family group,3,None,
324,job duties  responsibilities,3,Job,
325,physical requirementswork environment,3,Job,
326,departmental overview,3,Org,
327,undergraduate degree required,3,Person,
328,excellent interpersonal and communication skills,3,Person,
329,excellent interpersonal and organizational skills,3,Person,
330,you have experience in healthcare,3,Person,
331,robust benefits program,3,None,
332,deploy counter measures analyze impact,3,Job,
333,job qualifications,3,Job,
334,more about you,3,Person,
335,minimum requirements for this role,3,Person,
336,what youll accomplish,3,Job,
337,and of course perks,3,None,
338,key skills and competencies,3,Person,
339,who you’ll work with,3,Org,
340,about quadpay,3,Org,
341,competitive compensation including meaningful equity,3,None,
342,competitive health benefits,3,None,
343,work type full time,3,None,
344,about opendoor,3,Org,
345,bachelors degree required,3,Person,
346,license registration or certification requirements,3,Person,
347,mission,3,Org,
348,qualifications include,3,Person,
349,experience with product analytics,3,Person,
350,comprehensive benefits package,3,None,
351,required knowledgeskills education and experience,3,Person,
352,life insurance and disability benefits,3,None,
353,mobile industry andor gaming experience,3,Person,
354,qualifications and experience,3,Person,
355,compensation and benefits,3,None,
356,location of position,3,Org,
357,location statement,3,Org,
358,more about this job,3,Job,
359,career coaching opportunities,3,None,
360,work from home policy,3,None,
361,babs required,3,Person,
362,required background,3,Person,
363,required education,3,Person,
364,work environment office remote home,3,Job,
365,required application materials,3,None,
366,bachelors degree andor equivalent experiencetraining,3,Person,
367,commuter benefits,3,None,
368,nontechnical,3,None,
369,location san francisco united states,3,Org,
370,knowledge skills and abilities,3,Person,
371,about the opportunity,3,Job,
372,about spin,3,Org,
373,microsoft office skills required,3,Job,
374,what you’ll love,3,Org,
375,must have good communication skills,3,Person,
376,knowledgeskills,3,Person,
377,minimum requirements knowledge skills abilities,3,Person,
378,about nielsen,3,Org,
379,advanced sql skills,3,Person,
380,job type fulltime staff,3,None,
381,about upstart,3,Org,
382,whats required,3,Person,
383,minimum position requirements and qualifications,3,Person,
384,what will you be doing,3,Job,
385,about loanpal,3,Org,
386,advanced microsoft excel skills vba,3,Person,
387,what’s great about the role,3,Org,
388,what will i do,3,Job,
389,working conditions and environment,3,Job,
390,masters degree preferred,3,Person,
391,project management experience,3,Person,
392,about ketchum,3,Org,
393,required skills and qualifications,3,Job,
394,who is legalzoom,3,Org,
395,qualifications required for the position,3,Person,
396,advertising experience,3,Person,
397,what you’ll be doing,3,Job,
398,location new york ny,3,Org,
399,benefits at gap inc,3,None,
400,why gsk,3,Org,
401,organizational description,3,Org,
402,jobreq211961,3,None,
403,what you bring to it,3,Person,
404,benefits  zip,3,None,
405,benefits at coinbase,3,None,
406,skills  knowledge,2,Person,
407,preferred knowledge skills and abilities,2,Person,
408,preferred qualifications ,2,Person,
409,google or aws cloud experience,2,Person,
410,here’s what you’ll do responsibilities,2,Job,
411,heres what you will do,2,Job,
412,great excel modeling skills,2,Person,
413,preferred skills and experience,2,Person,
414,select the desired job announcement,2,None,
415,hiring requirements,2,Person,
416,high proficiency in sql required,2,Person,
417,good communication skills,2,Person,
418,handson sql experience,2,Person,
419,shift day job,2,None,
420,shift  day job,2,None,
421,python and sql experience,2,Person,
422,health vision dental,2,None,
423,skills and experiences,2,Person,
424,skills and attributes for success,2,Person,
425,qualifications of candidates,2,Person,
426,location new york remote,2,None,
427,health vision and dental insurance,2,None,
428,preferred qualification,2,Person,
429,health dental and vision insurance,2,None,
430,skills  abilites,2,Person,
431,prior agency experience strongly desired,2,Person,
432,skillset and requirements,2,Person,
433,experience working at startups,2,Person,
434,qualifications  requirements,2,Person,
435,experience working with relational databases,2,Person,
436,experience working with product teams,2,Person,
437,experience working with product data,2,Person,
438,experience working with international partners,2,Person,
439,experience working with complex systems,2,Person,
440,experience working independently,2,Person,
441,strong analytics and problemsolving skills,2,Person,
442,strong commitment to worklife balance,2,Person,
443,marketing analytics experience,2,Person,
444,experience working in agile methodology,2,Person,
445,experience with unixlinux environments,2,Person,
446,python experience a must,2,Person,
447,strong communication skills,2,Person,
448,experience with telecom terminology,2,Person,
449,strong interpersonal and collaboration skills,2,Person,
450,experience with sql or equivalent,2,Person,
451,strong interpersonal and communication skills,2,Person,
452,master’s degree preferred,2,Person,
453,python java programming experience,2,Person,
454,medical dental  vision,2,None,
455,strong interpersonal and team skills,2,Person,
456,strong listening and interpersonal skills,2,Person,
457,medical dental and vision coverage,2,None,
458,manager technical seo,2,None,
459,statistics courseworkbackground is a plus,2,Person,
460,location san francisco soma,2,None,
461,location uscacaliforniasan francisco,2,None,
462,solid problemsolving skills,2,Person,
463,fpa experience,2,Person,
464,flexible work environment,2,None,
465,flexible work arrangements,2,None,
466,flexible hours and working arrangements,2,None,
467,flexibility to travel as required,2,None,
468,specific responsibilities,2,Job,
469,qualifications and skills,2,Person,
470,location south san francisco,2,None,
471,httpswwwbinghamtoneduhumanresourcesdualcareerprogram,2,None,
472,preferred skills and qualifications,2,Person,
473,fertility and adoption benefits,2,None,
474,expert analytical and problemsolving skills,2,Person,
475,familiarity with grant reporting preferred,2,Person,
476,familiarity with clinical workflows,2,Person,
477,preferred skillsexperience,2,Person,
478,facilitate workshops with clients,2,Job,
479,external link httpswwwgenecomcareerscommercialoperatingprinciples,2,None,
480,sql experience a plus,2,Person,
481,locations boston new york remote,2,None,
482,expertise in sql postgres preferred,2,Person,
483,qualifications and requirements,2,Person,
484,expert excel programming skills required,2,Person,
485,main duties  responsibilities,2,Job,
486,provider network analysis,2,Job,
487,job category datacontent group,2,Job,
488,location medical center,2,Org,
489,key tasks and responsibilities,2,Job,
490,job type regular employee hire,2,None,
491,optimize workflows and communications,2,Job,
492,job wealth management,2,Job,
493,jobid ds001,2,None,
494,jobreq211417,2,None,
495,medical dental vision,2,None,
496,job qualification,2,Job,
497,jobsperigeeintegrationscom,2,Job,
498,job product development,2,Job,
499,requirements  qualifications,2,Person,
500,nysoh description,2,Org,
501,required language and systems skills,2,Person,
502,key accountabilities impact,2,Job,
503,requirementscharacteristics,2,Person,
504,job number,2,None,
505,required knowledge skills and abilities,2,Person,
506,respond to regulatory protection requirements,2,Job,
507,job location oakland ca,2,None,
508,normal location new york ny,2,None,
509,job location new york ny,2,None,
510,job location foster city ca,2,None,
511,job type officer of administration,2,Job,
512,overall responsibilities,2,Job,
513,other desired qualifications,2,Person,
514,other responsibilities,2,Job,
515,principle responsibilities,2,Job,
516,prior experience in selfdriving,2,Person,
517,required skillsexperience,2,Person,
518,job schedule  parttime,2,None,
519,other requirements,2,Person,
520,other locations united states,2,None,
521,required skills knowledge  abilities,2,Person,
522,required skills and experience,2,Person,
523,job role  strengths,2,Job,
524,job title it business analyst,2,Job,
525,our benefits,2,None,
526,job title salesforce business analyst,2,Job,
527,job responsibility,2,Job,
528,job responsibilities include,2,Job,
529,required technical skills,2,Person,
530,primarylocation  californiaoakland1800 harrison,2,None,
531,problem solving skills,2,Person,
532,job requisition id ,2,None,
533,required skills  experience,2,Person,
534,other skills knowledge and abilities,2,Person,
535,job location  concord,2,None,
536,knowledge  experience,2,Person,
537,human resources divisionciv,2,Org,
538,responsibilities ,2,Job,
539,job code 4927013,2,None,
540,licensecertification required no,2,Person,
541,possesses strong exploratory analysis skills,2,Person,
542,job categorys,2,Job,
543,job category engineering,2,Job,
544,prior consulting experience,2,Person,
545,job category  primary,2,Job,
546,posting description,2,Job,
547,previous federal consulting experience,2,Person,
548,role summary,2,Job,
549,job,2,Job,
550,itcareers,2,Org,
551,like zs careers on facebook,2,None,
552,interpersonal and managerial skills,2,Person,
553,preferred experience includes,2,Person,
554,rolesresponsibilities,2,Job,
555,location  new york,2,None,
556,salary commensurate with experience,2,None,
557,insurance brokerage or fintech experience,2,Person,
558,salary range commensurate with experience,2,None,
559,impact,2,Job,
560,previous management experience,2,Person,
561,right to work poster spanish,2,None,
562,learn more at wwwvimeocomjobs,2,None,
563,knowledge and experience,2,Person,
564,performs other duties as needed,2,Job,
565,more about us press,2,Org,
566,knowledge  skills,2,Person,
567,job introduction,2,Job,
568,knowledge about clinical data registries,2,Person,
569,job information,2,Job,
570,job id s639,2,None,
571,knowledge about linux command line,2,Person,
572,perks and benefits,2,None,
573,programming experience,2,Person,
574,learn alongside experienced financial analysts,2,None,
575,more about our team,2,Org,
576,primary duties and responsibilities,2,Job,
577,retirement benefits with employer match,2,None,
578,physical activities and requirements,2,Job,
579,job expectations,2,Job,
580,job dutiesresponsibilities,2,Job,
581,job duties,2,Job,
582,right to work poster english,2,None,
583,previous saas experience a plus,2,Person,
584, job overview,2,Job,
585,summary of duties  responsibilities,2,Job,
586,experience with php and javascript,2,Person,
587,what will you be doing…,2,Job,
588,core description,2,Job,
589,core dutiesresponsibilities,2,Job,
590,core job responsibilities,2,Job,
591,core requirements,2,Person,
592,what working at ey offers,2,Org,
593,data sourcing and etl work,2,Job,
594,data steward  job description,2,Job,
595,demonstrated experience should include,2,Person,
596,consumerfacing product experience,2,Person,
597,dental and vision insurance,2,None,
598,department  division of research,2,Org,
599,desirable qualifications,2,Person,
600,what we prefer,2,Person,
601,desired candidate profile,2,Person,
602,desired job skills,2,Person,
603,desired skills and experience ,2,Person,
604,convenient nyc location,2,None,
605,consulting firmindustry experience preferred,2,Person,
606,detailed responsibilities,2,Job,
607,what youll get,2,None,
608,bonus skillsqualifications,2,Person,
609,both technically and strategically savvy,2,Person,
610,brief summary of the role,2,Job,
611,builds statistical models as needed,2,Job,
612,what you’ll get to do,2,Job,
613,what you’ll bring with you,2,Person,
614,what youll love about us,2,Org,
615,company benefits,2,None,
616,what you will bring,2,Person,
617,company mission,2,Org,
618,competencies and technical skills,2,Person,
619,what you will need,2,Person,
620,competitive medicaldentalvision coverage,2,None,
621,competitive salary and benefits package,2,None,
622,competitive salary and equity,2,None,
623,computer vision expertise,2,Person,
624,desired skills preferred experiences,2,Person,
625,what we are looking for…,2,Person,
626,exceptional analytics skills,2,Person,
627,excellent communication and presentation skills,2,Person,
628,essential functions and responsibilities,2,Job,
629,wellness benefits,2,None,
630,we offer great perks,2,None,
631,verification of experience httpsfdhrorggettingjobverification,2,None,
632,essential responsibilitiesaccountabilities,2,Job,
633,us citizenship is required,2,Person,
634,understanding of accounting concepts preferred,2,Person,
635,excellent critical thinking skills,2,Person,
636,equipment needed for work,2,None,
637,excellent interpersonal skills,2,Person,
638,excellent leadership and teaming skills,2,Person,
639,excellent people  leadership skills,2,Person,
640,excellent powerpoint  excel skills,2,Person,
641,excellent presentation and communication skills,2,Person,
642,excellent presentation skills,2,Person,
643,travel between systems locations,2,None,
644,essential duties  responsibilities,2,Job,
645,equal opportunityaffirmative action employer,2,None,
646,education and experience required,2,Person,
647,what is the role,2,Job,
648,what to send our way,2,None,
649,education and training requirements,2,Person,
650,what this job involves,2,Job,
651,what tellic offers,2,Org,
652,education babs in stem field,2,Person,
653,education certifications andor licenses,2,Person,
654,education experience and other requirements,2,Person,
655,education qualification,2,Person,
656,equal opportunity employervetdisability,2,None,
657,what is required,2,Person,
658,education required,2,Person,
659,educationcertification,2,Person,
660,what excites you,2,Job,
661,what excites us,2,Person,
662,what does success look like,2,None,
663,equal opportunity at datadog,2,None,
664,bonus points for experience with,2,Person,
665,benefits program,2,None,
666,whats on the menu,2,None,
667,about extend,2,Org,
668,about aon,2,Org,
669,about atmosphere,2,Org,
670,about bread ®,2,Org,
671,about cas,2,Org,
672,about co–star,2,Org,
673,about datadog,2,Org,
674,working with agile,2,None,
675,about ey,2,Org,
676,works effectively independently and collaboratively,2,Person,
677,about faire,2,Org,
678,about guidewire,2,Org,
679,about insider intelligence,2,Org,
680,about jll and jll technologies,2,Org,
681,about jp morgan,2,Org,
682,about kabam,2,Org,
683,about nautilus,2,Org,
684,about alliance data card services,2,Org,
685,years of experience,2,Person,
686,beneficial skills,2,Person,
687,2+ years’ experience minimum,2,Person,
688, requirements,2,Person,
689,10+ years of relevant experience,2,Person,
690,100 paid vision insurance,2,None,
691,12 years of relevant experience,2,Person,
692,your skills and experience,2,Person,
693,your opportunity,2,Job,
694,2+ years related experience required,2,Person,
695,3+ years of industry experience,2,Person,
696,a or bs required,2,Person,
697,35 years demonstrated coding experience,2,Person,
698,4 years of work experience,2,Person,
699,5+ experience in data engineering,2,Person,
700,5+ years relevant experience,2,Person,
701,57 years’ experience,2,Person,
702,a bachelorsdegree or equivalent experience,2,Person,
703,a comprehensive industryleading benefits package,2,Person,
704,work with your partners to,2,None,
705,work schedule  required availability,2,None,
706,work productively amidst ambiguity,2,Person,
707,why capco,2,Org,
708,additional skills,2,Person,
709,ads or advertiser experience,2,Person,
710,advanced statistics training and experience,2,Person,
711,analytical and creative problemsolving skills,2,Person,
712,analytical skills,2,Person,
713,and many more impactful initiatives,2,None,
714,why developer services,2,Org,
715,awesome coworkers,2,Org,
716,work life balance,2,Org,
717,bachelors degree is required,2,Person,
718,whos in the kitchen,2,None,
719,who we’re looking for,2,Person,
720,bachelor’s degree or higher preferred,2,Person,
721,background  experience required,2,Person,
722,background and experience,2,Person,
723,baseline skillsexperiencesattributes,2,Person,
724,additional responsibilities as required,2,Job,
725,additional responsibilities as assigned,2,Job,
726,why social,2,Org,
727,additional qualificationsexperience considerations,2,Person,
728,about squarespace,2,Org,
729,about the bbc,2,Org,
730,about the brand,2,Org,
731,work for an industry leader,2,Org,
732,work environment and physical demands,2,Org,
733,about this role,2,Job,
734,about twitch,2,Org,
735,about unity technologies,2,Org,
736,about updater,2,Org,
737,about usdm,2,Org,
738,why you’ll love this job,2,Org,
739,why youll love us,2,Org,
740,about working at vox media,2,Org,
741,why you,2,Person,
742,additional preferred qualifications,2,Person,
743,excellent written communication skills,2,Person,
744,what will put you ahead,2,Person,
745,exceptional client management skills,2,Person,
746,superior analytical skills,2,Person,
747,experience manager and professional,2,Person,
748,experience level experienced professional,2,Person,
749,supply chain experience preferred,2,Person,
750,experience in software programing,2,Person,
751,experience in salesforcecom implementations,2,Person,
752,experience in salesforce,2,Person,
753,experience in retail or fmcg,2,Person,
754,experience in reportdashboard developmentmaintenance,2,Person,
755,td description,2,None,
756,experience in gamesgaming analytics preferred,2,Person,
757,experience in einstein analytics,2,Person,
758,experience in ecommerce or retail,2,Person,
759,technical skills required,2,Person,
760,experience in an interdisciplinarycrossfunctional field,2,Person,
761,experience in alteryx,2,Person,
762,tensorflow or pytorch experience,2,Person,
763,experience in a consulting organization,2,Person,
764,the experience you will bring,2,Person,
765,experience driving cross functional team,2,Person,
766,experience managing etl pipelines,2,Person,
767,experience quantifying and communicating uncertainty,2,Person,
768,experience designing and executing experiments,2,Person,
769,experience should include,2,Person,
770,experience with opensource tools,2,Person,
771,strong organizational skills,2,Person,
772,experience with natural language processing,2,Person,
773,experience with multichannel retailers preferred,2,Person,
774,experience with model documentation,2,Person,
775,experience with machine learning frameworks,2,Person,
776,strong programming skills in python,2,Person,
777,strong quantitative and problemsolving skills,2,Person,
778,experience with github,2,Person,
779,experience with dbt and snowflake,2,Person,
780,experience with database management preferred,2,Person,
781,experience with data warehousing principles,2,Person,
782,experience with cuda or matlab,2,Person,
783,strong verbalwritten communication skills,2,Person,
784,strong working knowledge of peoplesoft,2,Person,
785,strong writtenverbal communication skills,2,Person,
786,strongly preferred,2,Person,
787,summary of major responsibilities,2,Job,
788,experience using oracle is preferred,2,Person,
789,experience developing production software,2,Person,
790,previous clientfacing experience,2,Person,
791,thrive in fastpaced work environments,2,Person,
792,the skills youll bring,2,Person,
793,the primary responsibilities,2,Job,
794,experience delivering analytics driven consulting,2,Person,
795,exceptional time management skills,2,Person,
796,experience building recommendation systems,2,Person,
797,experience building ml models,2,Person,
798,experience andor education must include,2,Person,
799,exceptional relationship and influencing skills,2,Person,
800,the following qualifications are required,1,,
801,professional skill requirements,1,,
802,strong sql experience,1,,
803,workdays  mon  fri,1,,
804,professional skills qualifications,1,,
805,strong teamwork and collaboration skills,1,,
806,strong analytical and organization skills,1,,
807,professional skillscompetency,1,,
808,program mission,1,,
809,program overview integrated data team,1,,
810,work schedule,1,,
811,program summary,1,,
812,professional experience required,1,,
813,product allocations  holds,1,,
814,production backend service development experiences,1,,
815,stipend towards mental health benefits,1,,
816,working knowledge of german language,1,,
817,strong research and analytical skills,1,,
818,principal work code,1,,
819,working contacts,1,,
820,strong analytical and quantitative skills,1,,
821,strong skills in project management,1,,
822,strong software design skills,1,,
823,working conditionsphysical demands,1,,
824,working conditions,1,,
825,working at cape,1,,
826,processoriented with documentation skills,1,,
827,workdays  monfri,1,,
828,workdays  monday  friday,1,,
829,workdays  mon wed fri,1,,
830,procore autodesk assemble experience preferred,1,,
831,think creatively about user problems,1,,
832,programming experience preferred,1,,
833,work hours,1,,
834,stellar sql skills,1,,
835,python programming experience,1,,
836,python or r experience,1,,
837,why trust  safety,1,,
838,specific skillsknowledge,1,,
839,why we’ll love you,1,,
840,python data science experience,1,,
841,the key responsibilities include,1,,
842,why you should apply,1,,
843,provide training as required,1,,
844,proven experience in analyst roles,1,,
845,proposing and drive technical initiatives,1,,
846,sponsorship and relocation specifications,1,,
847,project management responsibilities,1,,
848,sql and sas programming experience,1,,
849,project locations brooklyn ny us,1,,
850,why youll want to join,1,,
851,unlimited career growth opportunity,1,,
852,why you’ll love us,1,,
853,university job title,1,,
854,unite around the mission,1,,
855,sql experience would be helpful,1,,
856,standard office work,1,,
857,startup experience preferred,1,,
858,strong technical communication skills,1,,
859,programming skills is a plus,1,,
860,work from home available,1,,
861,programming languages  proven experience,1,,
862,working knowledge of pythonjupyter,1,,
863,work headphones reimbursement,1,,
864,primarylocation  oregonportlandmontgomery park,1,,
865,working knowledge of ruby,1,,
866,primarylocation  californiaoaklandordway,1,,
867,strong practical experience with statistics,1,,
868,previous experience in reliability statistics,1,,
869,your education  experience,1,,
870,previous experience managing associatesteams,1,,
871,previous experience using spark,1,,
872,your education,1,,
873,youll need to have,1,,
874,you will need to have,1,,
875,your experience,1,,
876,previous leadership experience,1,,
877,you have strong communication skills,1,,
878,you have strong analytical skills,1,,
879,strong customer interaction experience,1,,
880,you have excellent analytical skills,1,,
881,strong critical thinking skills,1,,
882,role description data scientist manager,1,,
883,previous experience in ad tech,1,,
884,strong requirements documentation skills,1,,
885,your tasks and responsibilities,1,,
886,strong organizational and multitasking skills,1,,
887,✅ medical dental vision,1,,
888,previous experience at a startup,1,,
889,• other requirements,1,,
890,your typical responsibilities,1,,
891,strong mathematical skills needed,1,,
892,strong listening and questioning skills,1,,
893,travel required 10,1,,
894,your skills include,1,,
895,transversal responsibilities,1,,
896,your skills  experience,1,,
897,your primary responsibilities will be,1,,
898,strong personal interaction skills,1,,
899,strong interpersonal and presentation skills,1,,
900,strong communicationwriting skills,1,,
901,strong presentation skills,1,,
902,you enjoy what you do,1,,
903,primary responsibilities ,1,,
904,primary location uscasan francisco,1,,
905,primary location usnymelville,1,,
906,strong project management skills,1,,
907,strong python programming skills,1,,
908,workinghoursend  0500 pm,1,,
909,three years related work experience,1,,
910,strong quantitative and technical skills,1,,
911,strong problem solving skills,1,,
912,primary responsibilities include,1,,
913,primary responsibilitiesaccountabilities,1,,
914,strong r programming skills,1,,
915,primarylocation  californiaberkeleyberkeley biomedical engineering,1,,
916,strong analytical and troubleshooting skills,1,,
917,students  early career,1,,
918,primary location usanymelville,1,,
919,workinghoursend  varies,1,,
920,robust benefits package,1,,
921,primary location united statesnew yorkoriskany,1,,
922,workinghoursstart  0900 am,1,,
923,primary location nynew york city,1,,
924,workinghoursstart  830 am,1,,
925,strong communication and leadership skills,1,,
926,strong communication and organization skills,1,,
927,primary location  united statesnysyracuse,1,,
928,workinghoursstart  varies,1,,
929,strong problemsolving skills,1,,
930,strong problemsolving and troubleshooting skills,1,,
931,wwwexponentcomcareersgradstudents,1,,
932,role requirements,1,,
933,strong communication skills verbalwrittenlistening,1,,
934,you can look forward to,1,,
935,pytorch framework programming experience,1,,
936,previous consulting experience recommended,1,,
937,summary ,1,,
938,responsibilities  job duties,1,,
939,what you have,1,,
940,technical experiencequalifications,1,,
941,skills  abilities,1,,
942,salaryrate  negotiable,1,,
943,skills ,1,,
944,what you get to do,1,,
945,technical leadership,1,,
946,what you ll do,1,,
947,skill requirements,1,,
948,shrmcp or shrmscp preferred,1,,
949,what will set you apart,1,,
950,strong organizational and prioritization skills,1,,
951,required skills and attributes,1,,
952,technical requirements,1,,
953,the global markets division,1,,
954,skills and abilities,1,,
955,required skills and knowledge,1,,
956,required keys for success,1,,
957,what youll achieve,1,,
958,responsibilities of the role,1,,
959,what you will work on,1,,
960,required education  experience,1,,
961,skills and knowledge,1,,
962,responsibilities include the following,1,,
963,salary is commensurate with experience,1,,
964,tech startup experience,1,,
965,required knowledge and skills,1,,
966,salary range,1,,
967,responsibilities and functions,1,,
968,skills and education,1,,
969,what you should already have,1,,
970,required qualification,1,,
971,what we’ll like about you,1,,
972,what we’ll expect from you,1,,
973,sas base certification required,1,,
974,what skills you will use,1,,
975,see required qualifications,1,,
976,what to expect,1,,
977,requirements ,1,,
978,security responsibilities,1,,
979,secondary locations   ,1,,
980,scripting experience in python,1,,
981,scope of responsibilities,1,,
982,see vision constantly,1,,
983,what it takes to succeed,1,,
984,research impact analysis 40,1,,
985,resolve complex technical issues,1,,
986,sap system experience preferred,1,,
987,resourceful problem solving skills,1,,
988,scheduled work hours,1,,
989,salesforce crm knowledge andor experience,1,,
990,what do you know,1,,
991,technical skill set,1,,
992,ten years of work experience,1,,
993,we’d love to see,1,,
994,what were seeking,1,,
995,required skills knowledge and abilities,1,,
996,what we provide,1,,
997,required skillsknowledge,1,,
998,technical writing skills,1,,
999,send your resume to careersperfumecentercom,1,,
1000,requirement and qualifications,1,,
1001,ten years related work experience,1,,
1002,salaryrate expected,1,,
1003,we’re looking for someone who,1,,
1004,what can you expect,1,,
1005,what we offer our consultants,1,,
1006,what we need from you,1,,
1007,skills and qualification,1,,
1008,responsibilities we look for include,1,,
1009,what youll do here,1,,
1010,salary graderank,1,,
1011,why developer marketplace,1,,
1012,why deep labs,1,,
1013,why cape privacy,1,,
1014,training in biostatistics is preferred,1,,
1015,why aristocrat,1,,
1016,we work with,1,,
1017,qualifications for success,1,,
1018,why discovery,1,,
1019,who you will work with,1,,
1020,specific knowledgeskills,1,,
1021,who we look for,1,,
1022,specific knowledge  skills,1,,
1023,special requirements,1,,
1024,special projects as needed,1,,
1025,summary reports,1,,
1026,specific responsibilities include,1,,
1027,skills desired,1,,
1028,why mlb,1,,
1029,verification guidelines httpssfdhrorginformationabouthiringprocess,1,,
1030,verification of experience andor education,1,,
1031,why should you apply,1,,
1032,the job,1,,
1033,qualifications  general,1,,
1034,why peterson,1,,
1035,summary of role,1,,
1036,qualifications and education requirements,1,,
1037,why join neo4j,1,,
1038,summary of the role,1,,
1039,qualifications  skills required,1,,
1040,qualifications and desired skills,1,,
1041,why game engine,1,,
1042,why ft partners,1,,
1043,who is neo4j,1,,
1044,the impact you will have,1,,
1045,who am i working with,1,,
1046,supervision received and exercised,1,,
1047,skillsknowledge requireddesired ,1,,
1048,relocation provided yes if applicable,1,,
1049,relocation support,1,,
1050,rely on work ethic,1,,
1051,remote work capability,1,,
1052,skillsexperience,1,,
1053,what you’ll like about us,1,,
1054,qualificationsrequirements ,1,,
1055,skillscompetenciesexperience,1,,
1056,retail food experience a plus,1,,
1057,what you’ll be working on,1,,
1058,required certifications,1,,
1059,required criteria,1,,
1060,support prioritization of work requests,1,,
1061,relocation assistance provided no,1,,
1062,solid independent project management skills,1,,
1063,what you’ll love about us,1,,
1064,superior communication skills,1,,
1065,whats important to olo,1,,
1066,some experience in cc++,1,,
1067,relocation assistance no,1,,
1068,some nyc benefits  perks,1,,
1069,spark or pyspark experience preferred,1,,
1070,relevant work experience,1,,
1071,relevant technical andor iwms certifications,1,,
1072,what’d be cool to have,1,,
1073,what’s in it for you,1,,
1074,relevant domain knowledge preferred healthcaretransportationhitechinsurance,1,,
1075,related skills  other requirements,1,,
1076,reference requirements,1,,
1077,quantitative or technical degree,1,,
1078,superb presentation and communication skills,1,,
1079,job schedule,1,,
1080,prepares high impact materials,1,,
1081,display effective analytical skills,1,,
1082,education and experience ,1,,
1083,education ,1,,
1084,domain experience in financial seices,1,,
1085,document requirements,1,,
1086,division business services,1,,
1087,distributed and cloudbased computing experience,1,,
1088,development experiences are a plus,1,,
1089,demonstrated problem solving skills,1,,
1090,detailed responsibilitiesaccountabilities,1,,
1091,desired knowledge and skills,1,,
1092,desired but not required,1,,
1093,desirable experience,1,,
1094,depends on experience,1,,
1095,department overview  data intelligence,1,,
1096,education and experience youll bring,1,,
1097,education andor experience,1,,
1098,education assistance,1,,
1099,education b techbe,1,,
1100,education bachelors degree,1,,
1101,education desired ,1,,
1102,education experience and licensing,1,,
1103,education got it,1,,
1104,education level bachelors degree,1,,
1105,education qualifications skills and experience,1,,
1106,educational requirements,1,,
1107,effective decisionmakingproblemsolving skills,1,,
1108,eligibility requirements,1,,
1109,employee benefits,1,,
1110,employment law related experience preferred,1,,
1111,enthusiasm about uber,1,,
1112,equal employment opportunity policy,1,,
1113,demonstrated problemsolving and troubleshooting skills,1,,
1114,demonstrated experience working in teams,1,,
1115,equal opportunity employer minoritieswomenprotected veteransdisabled,1,,
1116,commuter benefits program,1,,
1117,competitive salary based on experience,1,,
1118,competitive compensation be fancy,1,,
1119,competitive compensation  equity package,1,,
1120,compensation package,1,,
1121,compensation 65k per annum,1,,
1122,company vision,1,,
1123,communication summary presentation and visualization,1,,
1124,demonstrated communication skills,1,,
1125,communication and presentation skills,1,,
1126,commensurate with experience and qualifications,1,,
1127,college job,1,,
1128,characteristics,1,,
1129,certified salesforce administrator is preferred,1,,
1130,career category,1,,
1131,consultative or clientfacing experience preferred,1,,
1132,consulting background preferred,1,,
1133,consulting engagement management experience,1,,
1134,consulting experience desired,1,,
1135,consulting experience preferred,1,,
1136,consumer facing experience,1,,
1137,continuous integration  testing frameworks,1,,
1138,convolutional neural networks experience,1,,
1139,cover letter is required,1,,
1140,cover letter required,1,,
1141,covid19 impact,1,,
1142,current handson implementation experience required,1,,
1143,data analysis experience,1,,
1144,database experience sql,1,,
1145,deep learning experience,1,,
1146,degree specialization in computer vision,1,,
1147,demonstrated communication and presentation skills,1,,
1148,equal opportunity,1,,
1149,equal opportunityaffirmative action statement,1,,
1150,experience with chatbot development,1,,
1151,experience in data visualization tools,1,,
1152,experience in r and stata,1,,
1153,experience in public health surveillance,1,,
1154,experience in production model management,1,,
1155,experience in network science analytics,1,,
1156,experience in healthcare preferred,1,,
1157,experience in employee group benefits,1,,
1158,experience in data visualization,1,,
1159,experience in a quantitative field,1,,
1160,experience in data mining,1,,
1161,experience in customer analytics,1,,
1162,experience in building distributed systems,1,,
1163,experience in big data technologies,1,,
1164,experience in behavioural experiment design,1,,
1165,experience in aws cloud environment,1,,
1166,experience in sql,1,,
1167,experience in the gaming space,1,,
1168,experience in trading applications,1,,
1169,experience leading and mentoring,1,,
1170,experience leading technical projects,1,,
1171,experience mentoring junior data scientists,1,,
1172,experience productizing a recommendation engine,1,,
1173,experience required,1,,
1174,experience setting mlai project roadmaps,1,,
1175,experience shipping code into production,1,,
1176,experience substitution,1,,
1177,experience using sql,1,,
1178,experience using tableau,1,,
1179,experience with airflow and tableau,1,,
1180,experience with amazon redshift,1,,
1181,experience with aws or gcp,1,,
1182,experience with aws technology stack,1,,
1183,experience in aviation,1,,
1184,experience growth marketingmarket expansion,1,,
1185,essential functionsresponsibilities,1,,
1186,excellent benefits package,1,,
1187,excellent spreadsheet skills sql,1,,
1188,excellent problemsolving skills,1,,
1189,excellent data analysis skills,1,,
1190,excellent communication and people skills,1,,
1191,excellent communication and interpersonal skills,1,,
1192,excellent communication and documentation skills,1,,
1193,excellent benefits,1,,
1194,experience developing in looker,1,,
1195,excellent analytical skills,1,,
1196,essential tasks and responsibilities,1,,
1197,essential responsibilities specific daytoday responsibilities,1,,
1198,essential responsibilities ,1,,
1199,essential qualifications,1,,
1200,essential job responsibilities include,1,,
1201,excellent sql skills,1,,
1202,excellent teamwork and collaboration skills,1,,
1203,excellent writing and presentation skills,1,,
1204,exceptional excel and analytical skills,1,,
1205,exemplary problem solving skills,1,,
1206,experience ,1,,
1207,experience  education,1,,
1208,experience  skills desired,1,,
1209,experience 3+ years,1,,
1210,experience across the ml stack,1,,
1211,experience administering a reporting tool,1,,
1212,experience and skills,1,,
1213,experience at an ecommerce company,1,,
1214,experience building and productionizing endtoend…,1,,
1215,experience building systems in aws,1,,
1216,experience communicating datadriven insights,1,,
1217,experience creating data pipelines,1,,
1218,candidate requirements,1,,
1219,california job applicant privacy policy,1,,
1220,business intelligence analyst job description,1,,
1221,about collagecom,1,,
1222,about indigo,1,,
1223,about havas health  you,1,,
1224,about fulfil,1,,
1225,about exiger,1,,
1226,about equitable,1,,
1227,about ease,1,,
1228,about cigna,1,,
1229,about admarketplace,1,,
1230,about britbox,1,,
1231,about blackrock,1,,
1232,about autodesk construction solutions,1,,
1233,about augmedix,1,,
1234,about aspen dental management inc,1,,
1235,about amobee,1,,
1236,about ipsos mma,1,,
1237,about kensho,1,,
1238,about lexisnexis risk solutions,1,,
1239,about loom,1,,
1240,about lyra health,1,,
1241,about macquarie,1,,
1242,about meyers nave,1,,
1243,about miro,1,,
1244,about nevro,1,,
1245,about olo,1,,
1246,about openai,1,,
1247,about public consulting group,1,,
1248,about rhythm,1,,
1249,about roblox,1,,
1250,about ross stores inc,1,,
1251,about rubrik,1,,
1252,about self aware games,1,,
1253,about alphasense,1,,
1254,ability to work independently,1,,
1255,business data analystjob number r115152,1,,
1256,13 years work experience,1,,
1257,20 travel will be required,1,,
1258,2+ years professional experience,1,,
1259,2+ years of professional experience,1,,
1260,2+ years of industry experience,1,,
1261,2 years of reporting experience,1,,
1262,2 years experience in sql,1,,
1263,13 years of experience,1,,
1264,ability to travel when needed,1,,
1265,1000 workfromhome stipend,1,,
1266,100 distributed workforce,1,,
1267,10 salary expectation,1,,
1268,1 responsibilities,1,,
1269, who we are,1,,
1270, whats the role,1,,
1271,3 completingrequired training,1,,
1272,3 required contact information only,1,,
1273,3+ years of relevant experience,1,,
1274,3+ years related experience,1,,
1275,35 years experience preferred,1,,
1276,35 years of related experience,1,,
1277,37 years of experience,1,,
1278,4+ years fullcycle recruiting experience,1,,
1279,4+ years of analytical experience,1,,
1280,4+ years of industry experience,1,,
1281,4+ years of professional experience,1,,
1282,5+ years of experience,1,,
1283,a competitive compensation package,1,,
1284,a global diverse work environment,1,,
1285,a little about us,1,,
1286,a snapshot of your responsibilities,1,,
1287,ability to complete work independently,1,,
1288,about spruce,1,,
1289,about swiss re,1,,
1290,about the benefits,1,,
1291,bachelor’s degree in finance required,1,,
1292,basic consultation and communication skills,1,,
1293,basic communication and presentation skills,1,,
1294,base salary range,1,,
1295,back to careers,1,,
1296,bachelor’s degree required master’s degree,1,,
1297,bachelor’s degree or commensurate experience,1,,
1298,bachelorsuniversity degree master’s degree preferred,1,,
1299,about the company,1,,
1300,bachelors required advanced degree preferred,1,,
1301,bachelors degree preferred,1,,
1302,bachelors degree or equivalent experience,1,,
1303,automotive experience a plus,1,,
1304,automation needed,1,,
1305,apply today httpjobsthermofishercom,1,,
1306,basic excel skills required,1,,
1307,basic interpersonal skills,1,,
1308,basic planningorganizational skills and techniques,1,,
1309,basic qualifications and background,1,,
1310,basic understanding neural networks,1,,
1311,beneficial qualifications,1,,
1312,benefits eligible,1,,
1313,benefits include,1,,
1314,benefits of life  fast,1,,
1315,benefits of working at osk,1,,
1316,bimvdc experience preferred,1,,
1317,blueprint requirements management tool,1,,
1318,bonus qualifications  characteristics,1,,
1319,build your career,1,,
1320,business analysis experience,1,,
1321,business analyst responsibilities,1,,
1322,business and technical skills,1,,
1323,apply for this job,1,,
1324,applied analytic and statistics skills,1,,
1325,application requirements,1,,
1326,additional duties  responsibilities,1,,
1327,about the corporate operations group,1,,
1328,about the data scientist,1,,
1329,about the ideal candidate,1,,
1330,about this opportunity,1,,
1331,about translation enterprises,1,,
1332,about twist bioscience,1,,
1333,about us…,1,,
1334,about vgw,1,,
1335,about vicai,1,,
1336,about vox medias data team,1,,
1337,about your skills and experience,1,,
1338,about you…,1,,
1339,acscareers,1,,
1340,additional competencies required,1,,
1341,additional locations,1,,
1342,applicants are required to,1,,
1343,additional qualifications – preferred,1,,
1344,additional responsibilities,1,,
1345,additional skills and qualities,1,,
1346,additional skillsqualifications desired,1,,
1347,advanced excel and access skills,1,,
1348,advanced excel and sql skills,1,,
1349,advanced excel skills required,1,,
1350,agency overview,1,,
1351,agile experience preferred,1,,
1352,amazing communication skills,1,,
1353,analytical and organizational skills,1,,
1354,analytical and problemsolving skills,1,,
1355,analyze business needs,1,,
1356,and other information as requestedneeded,1,,
1357,experience with biological laboratory techniques,1,,
1358,experience with cloud based computing,1,,
1359,preferreddesired qualifications,1,,
1360,life sciences experience preferred,1,,
1361,location brooklyn ny,1,,
1362,location albany ny,1,,
1363,location  san francisco ca,1,,
1364,litigation related experience preferred,1,,
1365,limited experience at consultancy preferred,1,,
1366,lifework balance,1,,
1367,learn about us,1,,
1368,knowledge experience and skills,1,,
1369,leadership skillscompetency,1,,
1370,language skills and reasoning ability,1,,
1371,laboratory experience,1,,
1372,knowledgeskillsabilities,1,,
1373,knowledgeexperience,1,,
1374,knowledge skills abilities,1,,
1375,location charlottesville virginia united states,1,,
1376,location houston new york london,1,,
1377,location manhattan,1,,
1378,location may vary,1,,
1379,location new york city,1,,
1380,location new york new york,1,,
1381,location nyc,1,,
1382,location oakland ca,1,,
1383,location san francisco california,1,,
1384,location sf ny or remote,1,,
1385,loom = equal opportunity employer,1,,
1386,ma experience,1,,
1387,machine learning experience,1,,
1388,major responsibilities  accountabilities,1,,
1389,major responsibilities include,1,,
1390,manager’s preferred qualifications,1,,
1391,mba andor equivalent consulting experience,1,,
1392,knowledge skills  abilities,1,,
1393,knowledge experience  skills,1,,
1394,medical dental and vision insurance,1,,
1395,job project manager,1,,
1396,job scope ,1,,
1397,job schedule fulltime,1,,
1398, microsoft office skills required,1,,
1399,job research  development,1,,
1400,job requisition ,1,,
1401,job purpose,1,,
1402,job posting title,1,,
1403,knowledge and responsibilities,1,,
1404,job posting end date,1,,
1405,job operations,1,,
1406,job number 3167312,1,,
1407,job number 3165412,1,,
1408,job number 211077,1,,
1409,job no cog956140,1,,
1410,job sensitivity not evaluated,1,,
1411,job summary  responsibilities,1,,
1412,job summarybasic function,1,,
1413,job title data science engineer,1,,
1414,job title data scientist,1,,
1415,job title junior business analyst,1,,
1416,job type experienced,1,,
1417,job type standard,1,,
1418,join the ocrolus rocket ship,1,,
1419,join us,1,,
1420,joining period,1,,
1421,key prerequisite skills,1,,
1422,key qualifications,1,,
1423,key requirements,1,,
1424,key responsibilities and objectives,1,,
1425,key roles and responsibilities,1,,
1426,key skills,1,,
1427,mba preferred,1,,
1428,medical or pharmaceutical background preferred,1,,
1429,experience with contract generation,1,,
1430,our benefits  perks include,1,,
1431,overview of the company,1,,
1432,overview of position,1,,
1433,overview of eero,1,,
1434,overview of citi,1,,
1435,outstanding research skills,1,,
1436,our impact,1,,
1437,other work locations california,1,,
1438,other qualifications,1,,
1439,other skills and qualities required,1,,
1440,other responsibilities include,1,,
1441,other responsibilities as assigned,1,,
1442,other requirements include,1,,
1443,other requirements ,1,,
1444,other required skills,1,,
1445,past and future opportunity,1,,
1446,peerdriven workshops,1,,
1447,perform other duties as required,1,,
1448,performance requirements,1,,
1449,performs related duties as required,1,,
1450,permanent us work authorization,1,,
1451,personal skillscompetency,1,,
1452,physical requirements and work environment,1,,
1453,position benefits,1,,
1454,position qualifications,1,,
1455,position specific description,1,,
1456,posting summary,1,,
1457,preferred casac acceptable,1,,
1458,preferred criteria,1,,
1459,preferred education  experience,1,,
1460,preferred experience and qualifications,1,,
1461,preferred experience in a healthcare,1,,
1462,other required,1,,
1463,other preferred qualifications,1,,
1464,medical vision and dental insurance,1,,
1465,minimum degree required,1,,
1466,minimum or preferred qualifications,1,,
1467,minimum experience and qualifications,1,,
1468,minimum experience and education,1,,
1469,minimum experience,1,,
1470,minimum education and experience,1,,
1471,minimum education,1,,
1472,minimum bachelor’s degree is required,1,,
1473,other perks,1,,
1474,minimum 8+ years of experience,1,,
1475,min education,1,,
1476,meticulous data entry skills,1,,
1477,mentorship and career growth,1,,
1478,mentalphysical requirements,1,,
1479,medicaldentalvision,1,,
1480,minimum required,1,,
1481,moderate experience with soap ui,1,,
1482,more about meru health,1,,
1483,more about perficient,1,,
1484,more about the role,1,,
1485,musicjobs,1,,
1486,necessary skills experience,1,,
1487,no weekends or holidays required,1,,
1488,no working experience is required,1,,
1489,note physicalhealth screening required,1,,
1490,o ability to work quickly,1,,
1491,o strong problemsolving skills,1,,
1492,objectives responsibilities include,1,,
1493,online submission guidelines ,1,,
1494,opportunitysales,1,,
1495,other administrative duties as required,1,,
1496,other job duties,1,,
1497,job no 492324,1,,
1498,job level associate,1,,
1499,job level assistant vice president,1,,
1500,experience working with opencv,1,,
1501,expert level sql skills,1,,
1502,experienceminimum qualifications,1,,
1503,experienced in python,1,,
1504,experienced in operating linuxbased systems,1,,
1505,experience writing testable code,1,,
1506,experience writing sql queries,1,,
1507,experience working with complex datasets,1,,
1508,experience with this tech stack,1,,
1509,experience working with aws,1,,
1510,experience working in public education,1,,
1511,experience working in multidisciplinary collaboratives,1,,
1512,experience within the pharmaceutical industry,1,,
1513,experience with web applications,1,,
1514,experience with visio,1,,
1515,expert sql  python skills,1,,
1516,expert sql skills,1,,
1517,extensive experience in business analysis,1,,
1518,extensive experience with python,1,,
1519,extensive looker experience,1,,
1520,extremely good time management skills,1,,
1521,finance or accounting major preferred,1,,
1522,financial payment experience preferred,1,,
1523,five years related work experience,1,,
1524,flexible work hours,1,,
1525,flexible worklife balance,1,,
1526,for your worklife balance,1,,
1527,fouryear college degree required,1,,
1528,fraud backgroundexperience required,1,,
1529,full healthcare benefits,1,,
1530,gaming experience,1,,
1531,gcp preferred,1,,
1532,experience with version control git,1,,
1533,experience with the following,1,,
1534,job level  team leadersupervisor,1,,
1535,experience with gcp,1,,
1536,experience with leansix sigma methodology,1,,
1537,experience with ivr processes,1,,
1538,experience with isa88 batch processing,1,,
1539,experience with industrialcommercial applications…,1,,
1540,experience with github version control,1,,
1541,experience with geospatial modeling,1,,
1542,experience with experimental design,1,,
1543,experience with statistical software,1,,
1544,experience with etl processes,1,,
1545,experience with esri arcgis,1,,
1546,experience with ellucian banner,1,,
1547,experience with education technology,1,,
1548,experience with dockerkubernetes containers,1,,
1549,experience with data visualization,1,,
1550,experience with lookml,1,,
1551,experience with machine learning techniques,1,,
1552,experience with microsoft excel,1,,
1553,experience with ml at scale,1,,
1554,experience with objectoriented programming preferred,1,,
1555,experience with one or more,1,,
1556,experience with osis,1,,
1557,experience with radiological research,1,,
1558,experience with redshift a plus,1,,
1559,experience with rso integration,1,,
1560,experience with snowflake,1,,
1561,experience with spectroscopy,1,,
1562,experience with sql and databases,1,,
1563,experience with sql mysql nosql,1,,
1564,experience with sql or python,1,,
1565,experience with sql r python,1,,
1566,experience with statistical analysis,1,,
1567,general knowledge skills  abilities,1,,
1568,general qualifications,1,,
1569,general skills  competencies,1,,
1570,internal jobcode 70127,1,,
1571,job assetinvestment management,1,,
1572,job area,1,,
1573,job activities include the following,1,,
1574,it consulting experience,1,,
1575,internal jobcode ptsg28,1,,
1576,internal jobcode 80042,1,,
1577,intern requirements,1,,
1578,general summary,1,,
1579,integrated project delivery experience required,1,,
1580,insurance domain expertise required,1,,
1581,infrastructure scalability knowledge or experience,1,,
1582,infrastructure knowledge networking security dns,1,,
1583,inform realtime data requirements design,1,,
1584,independent research andor consulting experience,1,,
1585,job business analyst,1,,
1586,job category  biomedical engineering,1,,
1587,job category finance,1,,
1588,job code,1,,
1589,job consulting – other practices,1,,
1590,job description ,1,,
1591,job description summary ,1,,
1592,job duty,1,,
1593,job features,1,,
1594,job id 0062,1,,
1595,job id 01392792,1,,
1596,job id 01419536,1,,
1597,job id 128762,1,,
1598,job id 182087br,1,,
1599,job id 259389,1,,
1600,job id 259435,1,,
1601,job information technology,1,,
1602,inc magazine best workplaces,1,,
1603,impact you will make here,1,,
1604,identify reporting requirements,1,,
1605,great people deserve great benefits,1,,
1606,generate and maintain required documentation,1,,
1607,gis experience,1,,
1608,global career opportunities,1,,
1609,global experience,1,,
1610,goal of job,1,,
1611,good communication and presentation skills,1,,
1612,good interpersonal skills,1,,
1613,good python programming skills,1,,
1614,good scripting and programming skills,1,,
1615,graph or network analysis capabilities,1,,
1616,great analytical skills,1,,
1617,great communication and teamwork skills,1,,
1618,great communication skills,1,,
1619,great interpersonal communication skills,1,,
1620,great work environment,1,,
1621,httpswwwsalesforcecomcompanycareersuniversityrecruiting,1,,
1622,gxpgmpfda regulatory experience needed,1,,
1623,health and welfare benefits,1,,
1624,health care data experience,1,,
1625,health vision and dental,1,,
1626,here are our requirements,1,,
1627,heres what you need,1,,
1628,higher education experience preferred,1,,
1629,hipaa and ansi transaction experience,1,,
1630,how we work,1,,
1631,how you’ll make an impact,1,,
1632,httpsacademicjobsonlineorgajojobs17104,1,,
1633,httpsinfoexponentcomourimpact,1,,
1634,httpstwittercomhpecareers,1,,
1635,httpswwwfacebookcomhpecareers,1,,
1636, excellent analytical skills –,1,,